{
    "name": "WP MLM Unilevel",
    "version": "1.0.2",
    "download_url": "https://demo8.iossmlm.com/wpmlmplugins/wpmlm-unilevel-(v1.0.1).zip",
    "requires": "3.0",
    "tested": "4.8.1",
    "requires_php": "5.3",
    "last_updated": "2017-08-17 02:10:00",
    "sections": {
        "description": "This is the plugin to test your updater script",
        "installation": "Upload the plugin to your blog, Activate it, that's it!",
        "changelog": "<h4>1.1 –  January 17, 2020</h4><ul><li>Some bugs are fixed.</li><li>Release date.</li></ul>"
    },
    "banners": {
        "low": "https://YOUR_WEBSITE/banner-772x250.jpg",
        "high": "https://YOUR_WEBSITE/banner-1544x500.jpg"
    },
    "screenshots": "<ol><li><a href='IMG_URL' target='_blank'><img src='IMG_URL' alt='CAPTION' /></a><p>CAPTION</p></li></ol>"
}
